date,actual_nwl,synthetic_nwl,gap,period
2017-12-01,,0.0,,pre
2018-01-01,,0.0,,pre
2018-02-01,,0.0,,pre
2018-03-01,,0.0,,pre
2018-04-01,,0.0,,pre
2018-05-01,-0.5662352696562006,-0.2696470623315658,-0.2965882073246348,pre
2018-06-01,-0.2537093305717826,-0.30762961158405344,0.053920281012270865,pre
2018-07-01,-0.3330935420919548,-0.23973242705705033,-0.09336111503490446,pre
2018-08-01,-0.5204804860360084,-0.18140130938166782,-0.33907917665434056,pre
2018-09-01,-0.2596251551686938,-0.31184951649075365,0.052224361322059876,pre
2018-10-01,-0.168155481437958,-0.1677312454905331,-0.00042423594742491133,pre
2018-11-01,-0.1041701625769342,-0.3459361642332139,0.24176600165627968,pre
2018-12-01,-0.0398596085082933,-0.19598752682497766,0.15612791831668438,pre
2019-01-01,-0.0742780627462075,-0.24613141772722671,0.17185335498101922,pre
2019-02-01,-0.5640167403720905,-0.568745877951184,0.004729137579093545,pre
2019-03-01,-0.2892469545538118,-0.3380786223796729,0.048831667825861125,pre
2019-04-01,-0.4633264249492377,-0.28586787795776536,-0.17745854699147234,post
2019-05-01,0.575730372260881,-0.3004225901218173,0.8761529623826982,post
2019-06-01,0.4169882660812899,-0.13906472228862504,0.556052988369915,post
2019-07-01,0.3240739991988384,-0.0017634228210225925,0.325837422019861,post
2019-08-01,0.1617626159755212,-0.04802238561834909,0.20978500159387029,post
2019-09-01,-0.0544395671772353,0.11325128864267456,-0.16769085581990986,post
2019-10-01,-0.0866138954349331,0.06157715613072683,-0.14819105156565993,post
2019-11-01,0.350042336493342,-0.04638865321279918,0.39643098970614116,post
2019-12-01,0.1455727577638216,-0.19047350994527287,0.33604626770909446,post
2020-01-01,0.349887934415059,-0.0329478715350538,0.3828358059501128,post
2020-02-01,0.9210965571674534,0.2867598344349782,0.6343367227324752,post
2020-03-01,0.8792635688637384,0.5364343437398527,0.3428292251238857,post
2020-04-01,0.7040780253997739,0.4805636954623776,0.22351432993739634,post
2020-05-01,0.0062698268480776,0.3500930936050492,-0.3438232667569716,post
2020-06-01,-0.0203879618437021,0.5133348284805005,-0.5337227903242026,post
2020-07-01,-0.0446309330369332,0.4405394634165089,-0.4851703964534421,post
2020-08-01,-0.5343060116560728,0.7198951574787125,-1.2542011691347854,post
2020-09-01,-0.3919067980177607,0.6018143117548254,-0.993721109772586,post
2020-10-01,-0.5348669230571569,0.4619607929815794,-0.9968277160387362,post
2020-11-01,0.5615147541366399,0.3656116142911343,0.19590313984550556,post
2020-12-01,0.3319438547954488,0.32432395297896677,0.007619901816482033,post
2021-01-01,0.2942763464285802,0.13809984641919562,0.15617650000938457,post
2021-02-01,0.749124473914035,0.12770910305622224,0.6214153708578127,post
2021-03-01,0.7720364514995771,0.15610932235839084,0.6159271291411863,post
2021-04-01,0.6539934119470845,0.16187328518384136,0.4921201267632431,post
2021-05-01,0.997503159815732,0.15992782204580336,0.8375753377699287,post
2021-06-01,0.9257611711767162,-0.09336566014791488,1.019126831324631,post
2021-07-01,0.8258692476887239,-0.36942651617281846,1.1952957638615425,post
2021-08-01,1.004660214746914,-0.588457245488096,1.59311746023501,post
2021-09-01,0.775954105226073,-0.47895462609306444,1.2549087313191374,post
2021-10-01,0.7774560270082107,-0.4097672607088988,1.1872232877171096,post
2021-11-01,0.8508568927715062,-0.42594095062361503,1.2767978433951213,post
2021-12-01,0.6870698494549056,-0.45276302631014864,1.1398328757650542,post
2022-01-01,0.7540455283776537,-0.26828014799344885,1.0223256763711026,post
2022-02-01,1.218350948494602,0.10638403024137888,1.111966918253223,post
2022-03-01,0.9990435334587896,0.06614027922545734,0.9329032542333322,post
2022-04-01,1.1540724736934305,0.1324971033901192,1.0215753703033112,post
2022-05-01,0.5316197416427187,0.18651331331435164,0.34510642832836713,post
2022-06-01,0.4448035889176266,0.21372177464466463,0.23108181427296198,post
2022-07-01,0.2558560518139843,0.17115094664595482,0.08470510516802948,post
2022-08-01,0.0220435656897362,0.6921660943311981,-0.6701225286414619,post
2022-09-01,0.0971584733308858,0.6307711703898912,-0.5336126970590054,post
2022-10-01,-0.0302655899812134,0.627455448477438,-0.6577210384586514,post
2022-11-01,-0.603020622036222,1.0470751622416585,-1.6500957842778805,post
2022-12-01,-0.4415705352844662,0.9040328243964534,-1.3456033596809196,post
2023-01-01,-0.6209336830513372,0.6512900624324683,-1.2722237454838057,post
2023-02-01,-1.3432783516292806,0.9258942388729258,-2.2691725905022064,post
2023-03-01,-1.0855735532920456,0.9351310278181979,-2.0207045811102438,post
2023-04-01,-0.832252309485034,0.8136010123326091,-1.645853321817643,post
2023-05-01,-1.2113375965190103,0.7221051409982551,-1.9334427375172654,post
2023-06-01,-1.2064043072281885,0.48845022976524205,-1.6948545369934305,post
2023-07-01,-1.0601813744449755,0.4015099549151352,-1.4616913293601108,post
2023-08-01,-0.98286290899645,0.5619771568822667,-1.5448400658787167,post
2023-09-01,-0.8696763762303575,0.5007941589815295,-1.3704705352118869,post
2023-10-01,-0.5550584359296575,0.4964898428288175,-1.051548278758475,post
2023-11-01,-0.4882857411042333,-0.07960229290409235,-0.4086834482001409,post
2023-12-01,-0.5013834802239939,-0.2269521631504852,-0.27443131707350876,post
2024-01-01,-0.3752879137366143,-0.1378635972708674,-0.2374243164657469,post
2024-02-01,0.2874823209147884,-0.4579711192948044,0.7454534402095928,post
2024-03-01,0.1887756256601893,-0.6830378138676616,0.871813439527851,post
2024-04-01,0.5972440460580505,-0.4980347479070473,1.0952787939650979,post
2024-05-01,0.5405884786780819,-0.7501551295343711,1.290743608212453,post
2024-06-01,0.406463701101066,-0.7757865947525927,1.1822502958536587,post
2024-07-01,0.3581650210133106,-0.6833198584844654,1.041484879497776,post
2024-08-01,0.5881179925971444,-0.7862373441003793,1.3743553366975236,post
2024-09-01,0.6002520288181988,-0.8550528009384046,1.4553048297566034,post
2024-10-01,0.7781116798026406,-0.8485821616813005,1.6266938414839411,post
2024-11-01,0.5696528864846672,-0.7616142571107748,1.331267143595442,post
2024-12-01,0.5900730554008169,-0.8290010078974375,1.4190740632982544,post
